cluster_id,n_stocks,stocks,mean_return,mean_volatility,mean_sharpe,mean_market_corr
0,5,"['BA', 'CAT', 'COP', 'SLB', 'XOM']",0.0006305268037653935,0.02394653714888094,0.39659174176277906,0.5610580626149292
1,12,"['AAPL', 'AMZN', 'BAC', 'C', 'GE', 'GOOGL', 'GS', 'JPM', 'META', 'MS', 'MSFT', 'WFC']",0.0008427258625868346,0.0209480129735416,0.5865722687634302,0.702970690176057
2,6,"['JNJ', 'KO', 'MRK', 'PEP', 'PG', 'WMT']",0.00054079164661137,0.01318117685135643,0.5495391197825737,0.4700290673528446
3,7,"['ABBV', 'CVS', 'CVX', 'HD', 'MCD', 'MMM', 'PFE']",0.00044914441390220635,0.017101572435639867,0.34955182530598317,0.5321266343084766
4,2,"['NFLX', 'UNH']",0.0007212013657129884,0.0236239681526572,0.4097795336070469,0.4808136129077425
5,2,"['NVDA', 'TSLA']",0.002270144156138751,0.036056154515511814,0.9766834909351663,0.5995830747435786
