{
  "ml_models": {
    "linear_regression": {
      "mse": 0.00027034055075631316,
      "rmse": 0.01644203608913182,
      "mae": 0.011131625733621265,
      "r2": 0.006102848496973068
    },
    "ridge": {
      "mse": 0.0002703444413566089,
      "rmse": 0.01644215440131277,
      "mae": 0.011131564998145665,
      "r2": 0.006088544847221655
    },
    "lasso": {
      "mse": 0.0002720105408007458,
      "rmse": 0.01649274206433684,
      "mae": 0.01112057580376996,
      "r2": -3.680884838819232e-05
    },
    "random_forest": {
      "mse": 0.00026519105765905414,
      "rmse": 0.016284687828111846,
      "mae": 0.011081863092453946,
      "r2": 0.02503477160925416
    },
    "xgboost": {
      "mse": 0.0002722165174949647,
      "rmse": 0.016498985347437725,
      "mae": 0.011342276507571972,
      "r2": -0.0007940746344030636
    },
    "svm": {
      "mse": 0.000627780290609915,
      "rmse": 0.025055544109236882,
      "mae": 0.019168078018134967,
      "r2": -1.3080112874718859
    }
  },
  "dl_models": {}
}