{
  "ml_models": {
    "linear_regression": {
      "mse": 0.00037600264826795685,
      "rmse": 0.01939078771654099,
      "mae": 0.012694939756771452,
      "r2": 0.010887630231208756
    },
    "ridge": {
      "mse": 0.00037601102394004975,
      "rmse": 0.019391003685731427,
      "mae": 0.012694890249629222,
      "r2": 0.010865597192584286
    },
    "lasso": {
      "mse": 0.00038026939451489593,
      "rmse": 0.019500497288912812,
      "mae": 0.012689561978274458,
      "r2": -0.0003364702131700703
    },
    "random_forest": {
      "mse": 0.0003659644739514587,
      "rmse": 0.01913019795902433,
      "mae": 0.012604433221552405,
      "r2": 0.037294046335139774
    },
    "xgboost": {
      "mse": 0.00036879012993074295,
      "rmse": 0.019203909235641137,
      "mae": 0.012820823731297393,
      "r2": 0.029860877194720747
    },
    "svm": {
      "mse": 0.0007869936181154737,
      "rmse": 0.028053406533173002,
      "mae": 0.02146044114664979,
      "r2": -1.070264999975132
    }
  },
  "dl_models": {}
}