{
  "total_return": 0.8824299427220472,
  "annualized_return": 0.12474466130232065,
  "volatility": 0.12917381134160139,
  "sharpe_ratio": 0.8201552316434481,
  "sortino_ratio": 1.0898734009816846,
  "max_drawdown": -0.17872667450130103,
  "calmar_ratio": 0.697963309899847,
  "initial_capital": 1000000,
  "final_capital": 1891392.5095549952,
  "total_transaction_costs": 627.9819638614574,
  "average_turnover": 0.007103205117217024,
  "number_of_rebalances": 73
}