{
  "total_return": 0.8824298533133998,
  "annualized_return": 0.12474465137446389,
  "volatility": 0.12917381605738837,
  "sharpe_ratio": 0.8201551383647079,
  "sortino_ratio": 1.0898729392990714,
  "max_drawdown": -0.17872688746608661,
  "calmar_ratio": 0.6979624226832359,
  "initial_capital": 1000000,
  "final_capital": 1891392.3382051208,
  "total_transaction_costs": 627.9768835605387,
  "average_turnover": 0.0071031463253724385,
  "number_of_rebalances": 73
}