{
  "total_return": 1.7304101681976882,
  "annualized_return": 0.2052271333159832,
  "volatility": 0.1664251401786737,
  "sharpe_ratio": 1.0851635649397318,
  "sortino_ratio": 1.4069709995078503,
  "max_drawdown": -0.24058324659943492,
  "calmar_ratio": 0.8530400026469059,
  "initial_capital": 1000000,
  "final_capital": 2783598.2746133716,
  "total_transaction_costs": 0.0,
  "average_turnover": 0.0,
  "number_of_rebalances": 73
}